BRANCH_ID,DISH_ID,IS_AVAILABLE,IS_DELIVERABLE
B001,D001,1,1
B001,D002,1,1
B001,D003,1,1
B001,D004,1,1
B001,D005,1,0
B001,D006,1,0
B001,D007,1,1
B001,D008,1,1
B001,D009,1,1
B001,D010,1,1
B001,D011,1,1
B001,D012,1,1
B001,D013,1,1
B001,D014,1,1
B001,D015,1,1
B001,D016,1,0
B001,D017,1,1
B001,D018,1,1
B001,D019,1,1
B001,D020,1,1
B001,D021,1,1
B001,D022,1,1
B001,D023,1,1
B001,D024,1,1
B001,D025,1,1
B001,D026,0,1
B001,D027,1,1
B001,D028,1,0
B001,D029,1,1
B001,D030,1,1
B001,D031,1,1
B001,D032,1,1
B001,D033,1,1
B001,D034,1,1
B001,D035,1,1
B001,D036,1,0
B001,D037,1,1
B001,D038,1,0
B001,D039,1,0
B001,D040,1,1
B001,D041,1,0
B001,D042,1,1
B001,D043,0,1
B001,D044,1,1
B001,D045,1,1
B001,D046,1,1
B001,D047,1,1
B001,D048,0,1
B001,D049,0,1
B001,D050,1,1
B001,D051,1,1
B001,D052,0,1
B001,D053,1,1
B001,D054,1,1
B001,D055,1,1
B001,D056,1,1
B001,D057,1,1
B001,D058,1,1
B001,D059,1,1
B001,D060,0,1
B001,D061,1,1
B001,D062,1,1
B001,D063,1,1
B001,D064,1,1
B001,D065,1,1
B001,D066,1,1
B001,D067,1,1
B001,D068,1,1
B001,D069,1,1
B001,D070,1,1
B001,D071,1,1
B001,D072,1,1
B001,D073,1,1
B001,D074,1,1
B001,D075,1,1
B001,D076,1,0
B001,D077,1,1
B001,D078,1,1
B001,D079,0,1
B001,D080,1,1
B001,D081,1,1
B001,D082,1,1
B001,D083,1,1
B001,D084,1,0
B001,D085,1,1
B001,D086,1,0
B001,D087,1,1
B001,D088,1,1
B001,D089,1,1
B001,D090,1,1
B001,D091,1,1
B001,D092,1,1
B001,D093,1,0
B001,D094,1,1
B001,D095,1,1
B001,D096,0,1
B001,D097,1,1
B001,D098,1,1
B001,D099,1,1
B001,D100,1,1
B001,D101,1,1
B001,D102,1,1
B001,D103,1,1
B001,D104,1,0
B001,D105,1,1
B001,D106,1,1
B001,D107,1,1
B001,D108,1,1
B001,D109,1,1
B001,D110,1,1
B001,D111,1,1
B001,D112,1,1
B001,D113,1,1
B001,D114,1,1
B001,D115,1,1
B001,D116,1,1
B001,D117,1,1
B001,D118,1,1
B001,D119,0,1
B001,D120,1,1
B001,D121,0,1
B001,D122,0,1
B001,D123,0,1
B001,D124,0,1
B001,D125,1,1
B001,D126,1,0
B001,D127,1,1
B001,D128,1,0
B001,D129,1,1
B001,D130,1,1
B001,D131,1,1
B001,D132,1,1
B001,D133,1,1
B001,D134,1,1
B001,D135,1,1
B001,D136,1,1
B001,D137,1,1
B001,D138,1,1
B001,D139,1,1
B001,D140,1,1
B001,D141,1,1
B001,D142,1,1
B001,D143,1,1
B001,D144,1,1
B001,D145,1,1
B001,D146,1,1
B001,D147,1,1
B001,D148,1,1
B001,D149,1,1
B001,D150,0,1
B001,D151,1,1
B001,D152,1,1
B001,D153,1,1
B001,D154,1,1
B001,D155,1,1
B001,D156,1,1
B001,D157,1,0
B001,D158,1,1
B001,D159,1,0
B001,D160,1,1
B001,D161,1,0
B001,D162,1,1
B001,D163,1,1
B001,D164,1,0
B001,D165,1,1
B001,D166,1,1
B001,D167,1,1
B001,D168,1,1
B001,D169,1,1
B001,D170,1,1
B001,D171,1,0
B001,D172,1,1
B001,D173,1,1
B001,D174,1,0
B001,D175,1,1
B001,D176,0,1
B001,D177,1,1
B001,D178,1,1
B001,D179,1,1
B001,D180,1,1
B001,D181,1,1
B001,D182,1,1
B001,D183,1,1
B001,D184,1,1
B001,D185,1,1
B001,D186,1,1
B001,D187,1,1
B001,D188,1,1
B001,D189,1,1
B001,D190,1,1
B001,D191,1,1
B001,D192,1,1
B001,D193,1,1
B001,D194,1,1
B001,D195,1,1
B001,D196,1,1
B001,D197,1,0
B001,D198,1,1
B001,D199,1,1
B002,D001,1,1
B002,D002,1,0
B002,D003,1,1
B002,D004,1,1
B002,D005,1,1
B002,D006,1,1
B002,D007,1,1
B002,D008,1,1
B002,D009,1,1
B002,D010,1,1
B002,D011,1,1
B002,D012,1,1
B002,D013,1,1
B002,D014,1,1
B002,D015,1,1
B002,D016,1,1
B002,D017,1,1
B002,D018,1,1
B002,D019,1,1
B002,D020,1,1
B002,D021,1,0
B002,D022,1,1
B002,D023,1,1
B002,D024,1,0
B002,D025,1,1
B002,D026,1,0
B002,D027,1,1
B002,D028,1,1
B002,D029,1,1
B002,D030,1,1
B002,D031,1,0
B002,D032,0,1
B002,D033,0,1
B002,D034,1,1
B002,D035,1,1
B002,D036,1,1
B002,D037,1,1
B002,D038,1,0
B002,D039,1,1
B002,D040,1,1
B002,D041,1,1
B002,D042,1,1
B002,D043,1,1
B002,D044,1,1
B002,D045,0,1
B002,D046,0,0
B002,D047,1,0
B002,D048,0,1
B002,D049,1,0
B002,D050,1,1
B002,D051,1,1
B002,D052,1,1
B002,D053,0,1
B002,D054,1,1
B002,D055,1,1
B002,D056,1,1
B002,D057,1,0
B002,D058,1,0
B002,D059,0,1
B002,D060,1,1
B002,D061,1,1
B002,D062,1,1
B002,D063,1,1
B002,D064,1,1
B002,D065,1,1
B002,D066,1,1
B002,D067,1,1
B002,D068,1,1
B002,D069,1,1
B002,D070,1,1
B002,D071,1,1
B002,D072,1,1
B002,D073,1,1
B002,D074,0,1
B002,D075,1,1
B002,D076,0,1
B002,D077,1,1
B002,D078,1,1
B002,D079,1,1
B002,D080,1,1
B002,D081,1,1
B002,D082,1,1
B002,D083,1,0
B002,D084,1,1
B002,D085,1,1
B002,D086,1,1
B002,D087,1,1
B002,D088,1,1
B002,D089,1,0
B002,D090,1,1
B002,D091,1,1
B002,D092,1,1
B002,D093,1,1
B002,D094,1,1
B002,D095,1,1
B002,D096,1,1
B002,D097,1,1
B002,D098,1,1
B002,D099,1,1
B002,D100,1,1
B002,D101,0,1
B002,D102,1,1
B002,D103,1,1
B002,D104,1,1
B002,D105,1,1
B002,D106,1,1
B002,D107,1,1
B002,D108,1,0
B002,D109,1,1
B002,D110,1,1
B002,D111,1,1
B002,D112,1,1
B002,D113,1,1
B002,D114,1,1
B002,D115,1,1
B002,D116,1,1
B002,D117,1,1
B002,D118,1,1
B002,D119,1,1
B002,D120,1,1
B002,D121,1,0
B002,D122,1,1
B002,D123,1,1
B002,D124,1,1
B002,D125,1,1
B002,D126,1,1
B002,D127,1,1
B002,D128,0,1
B002,D129,1,1
B002,D130,1,1
B002,D131,1,1
B002,D132,1,1
B002,D133,1,1
B002,D134,0,1
B002,D135,1,1
B002,D136,1,1
B002,D137,1,0
B002,D138,1,1
B002,D139,0,1
B002,D140,1,1
B002,D141,1,1
B002,D142,1,1
B002,D143,1,1
B002,D144,0,1
B002,D145,1,1
B002,D146,1,1
B002,D147,1,1
B002,D148,1,1
B002,D149,1,1
B002,D150,1,1
B002,D151,1,1
B002,D152,1,1
B002,D153,1,1
B002,D154,1,1
B002,D155,1,1
B002,D156,1,1
B002,D157,1,1
B002,D158,0,1
B002,D159,1,1
B002,D160,1,1
B002,D161,1,1
B002,D162,0,1
B002,D163,1,1
B002,D164,1,1
B002,D165,1,1
B002,D166,1,1
B002,D167,1,1
B002,D168,1,1
B002,D169,1,1
B002,D170,1,1
B002,D171,1,1
B002,D172,1,1
B002,D173,1,1
B002,D174,1,1
B002,D175,1,1
B002,D176,0,1
B002,D177,1,1
B002,D178,1,1
B002,D179,0,1
B002,D180,0,1
B002,D181,1,1
B002,D182,1,1
B002,D183,1,1
B002,D184,0,1
B002,D185,1,1
B002,D186,0,1
B002,D187,1,1
B002,D188,1,1
B002,D189,1,1
B002,D190,1,1
B002,D191,1,1
B002,D192,1,1
B002,D193,1,1
B002,D194,1,1
B002,D195,1,1
B002,D196,1,1
B002,D197,1,1
B002,D198,0,1
B002,D199,1,1
B003,D001,1,0
B003,D002,1,1
B003,D003,1,1
B003,D004,1,0
B003,D005,1,1
B003,D006,0,1
B003,D007,0,1
B003,D008,1,1
B003,D009,1,1
B003,D010,1,1
B003,D011,1,1
B003,D012,1,1
B003,D013,1,1
B003,D014,1,1
B003,D015,1,1
B003,D016,1,0
B003,D017,1,1
B003,D018,1,1
B003,D019,1,1
B003,D020,1,1
B003,D021,1,1
B003,D022,1,1
B003,D023,1,1
B003,D024,1,1
B003,D025,1,1
B003,D026,1,1
B003,D027,1,0
B003,D028,1,1
B003,D029,1,1
B003,D030,1,1
B003,D031,1,1
B003,D032,1,1
B003,D033,1,1
B003,D034,1,1
B003,D035,1,1
B003,D036,1,1
B003,D037,1,1
B003,D038,1,1
B003,D039,1,1
B003,D040,1,1
B003,D041,1,1
B003,D042,1,1
B003,D043,1,1
B003,D044,0,1
B003,D045,1,1
B003,D046,1,1
B003,D047,1,1
B003,D048,1,1
B003,D049,1,1
B003,D050,1,0
B003,D051,1,1
B003,D052,1,1
B003,D053,0,1
B003,D054,1,0
B003,D055,1,1
B003,D056,1,1
B003,D057,1,1
B003,D058,1,1
B003,D059,1,1
B003,D060,1,1
B003,D061,1,1
B003,D062,1,1
B003,D063,1,0
B003,D064,1,1
B003,D065,1,1
B003,D066,1,1
B003,D067,1,1
B003,D068,1,1
B003,D069,1,1
B003,D070,1,1
B003,D071,1,1
B003,D072,1,1
B003,D073,1,1
B003,D074,1,1
B003,D075,1,1
B003,D076,1,1
B003,D077,1,1
B003,D078,1,1
B003,D079,1,1
B003,D080,1,0
B003,D081,1,0
B003,D082,1,1
B003,D083,1,1
B003,D084,1,1
B003,D085,1,1
B003,D086,1,1
B003,D087,1,1
B003,D088,1,1
B003,D089,1,1
B003,D090,1,1
B003,D091,1,1
B003,D092,1,1
B003,D093,0,1
B003,D094,1,1
B003,D095,1,1
B003,D096,0,1
B003,D097,1,1
B003,D098,1,1
B003,D099,1,1
B003,D100,1,1
B003,D101,1,1
B003,D102,1,1
B003,D103,1,1
B003,D104,0,1
B003,D105,1,1
B003,D106,1,1
B003,D107,1,1
B003,D108,1,1
B003,D109,1,1
B003,D110,1,1
B003,D111,1,1
B003,D112,1,1
B003,D113,0,1
B003,D114,0,1
B003,D115,1,1
B003,D116,1,1
B003,D117,1,0
B003,D118,1,0
B003,D119,1,1
B003,D120,1,1
B003,D121,1,1
B003,D122,1,1
B003,D123,1,1
B003,D124,1,1
B003,D125,1,1
B003,D126,1,1
B003,D127,1,1
B003,D128,1,1
B003,D129,1,1
B003,D130,1,1
B003,D131,1,1
B003,D132,1,1
B003,D133,1,1
B003,D134,1,1
B003,D135,1,1
B003,D136,1,1
B003,D137,0,1
B003,D138,1,0
B003,D139,1,1
B003,D140,1,1
B003,D141,1,1
B003,D142,1,1
B003,D143,1,1
B003,D144,1,0
B003,D145,1,1
B003,D146,1,1
B003,D147,1,1
B003,D148,1,1
B003,D149,1,0
B003,D150,1,1
B003,D151,1,1
B003,D152,1,1
B003,D153,1,1
B003,D154,1,1
B003,D155,1,1
B003,D156,1,1
B003,D157,1,1
B003,D158,1,1
B003,D159,1,1
B003,D160,1,1
B003,D161,1,1
B003,D162,0,1
B003,D163,1,0
B003,D164,1,1
B003,D165,1,1
B003,D166,1,1
B003,D167,1,1
B003,D168,0,0
B003,D169,1,1
B003,D170,1,1
B003,D171,1,1
B003,D172,1,1
B003,D173,1,1
B003,D174,1,1
B003,D175,1,1
B003,D176,1,1
B003,D177,0,1
B003,D178,1,1
B003,D179,1,1
B003,D180,1,1
B003,D181,1,1
B003,D182,1,0
B003,D183,0,1
B003,D184,1,1
B003,D185,1,1
B003,D186,1,1
B003,D187,1,1
B003,D188,1,1
B003,D189,1,1
B003,D190,1,1
B003,D191,1,1
B003,D192,1,1
B003,D193,1,1
B003,D194,1,1
B003,D195,1,1
B003,D196,1,1
B003,D197,1,1
B003,D198,1,1
B003,D199,1,1
B004,D001,1,1
B004,D002,1,1
B004,D003,1,1
B004,D004,1,1
B004,D005,1,1
B004,D006,1,1
B004,D007,1,0
B004,D008,1,1
B004,D009,1,1
B004,D010,1,1
B004,D011,1,1
B004,D012,1,1
B004,D013,1,1
B004,D014,1,1
B004,D015,1,1
B004,D016,1,1
B004,D017,1,1
B004,D018,1,0
B004,D019,1,1
B004,D020,1,1
B004,D021,1,1
B004,D022,1,1
B004,D023,1,1
B004,D024,0,1
B004,D025,1,1
B004,D026,1,1
B004,D027,1,1
B004,D028,1,1
B004,D029,1,1
B004,D030,1,1
B004,D031,1,1
B004,D032,1,1
B004,D033,1,1
B004,D034,1,1
B004,D035,1,1
B004,D036,0,1
B004,D037,1,1
B004,D038,1,1
B004,D039,1,1
B004,D040,1,1
B004,D041,1,1
B004,D042,1,1
B004,D043,1,0
B004,D044,1,1
B004,D045,1,1
B004,D046,1,0
B004,D047,1,1
B004,D048,1,1
B004,D049,1,1
B004,D050,0,1
B004,D051,1,1
B004,D052,0,1
B004,D053,1,1
B004,D054,1,1
B004,D055,1,0
B004,D056,1,1
B004,D057,0,1
B004,D058,1,1
B004,D059,1,1
B004,D060,1,1
B004,D061,1,1
B004,D062,1,1
B004,D063,1,1
B004,D064,1,1
B004,D065,1,1
B004,D066,1,1
B004,D067,1,0
B004,D068,1,1
B004,D069,0,1
B004,D070,1,1
B004,D071,1,1
B004,D072,1,0
B004,D073,1,1
B004,D074,1,1
B004,D075,1,1
B004,D076,1,1
B004,D077,1,1
B004,D078,1,1
B004,D079,1,1
B004,D080,1,0
B004,D081,1,1
B004,D082,1,1
B004,D083,1,1
B004,D084,1,1
B004,D085,1,1
B004,D086,1,0
B004,D087,1,1
B004,D088,1,1
B004,D089,1,1
B004,D090,1,1
B004,D091,1,1
B004,D092,1,0
B004,D093,1,1
B004,D094,1,0
B004,D095,1,1
B004,D096,1,1
B004,D097,1,1
B004,D098,1,0
B004,D099,1,1
B004,D100,1,1
B004,D101,1,1
B004,D102,1,1
B004,D103,1,1
B004,D104,1,1
B004,D105,1,1
B004,D106,1,1
B004,D107,1,1
B004,D108,1,1
B004,D109,1,0
B004,D110,1,1
B004,D111,1,1
B004,D112,1,1
B004,D113,0,1
B004,D114,1,1
B004,D115,1,1
B004,D116,1,1
B004,D117,1,1
B004,D118,1,1
B004,D119,1,1
B004,D120,1,1
B004,D121,1,1
B004,D122,1,1
B004,D123,1,1
B004,D124,1,1
B004,D125,1,1
B004,D126,1,1
B004,D127,0,1
B004,D128,0,1
B004,D129,1,1
B004,D130,0,1
B004,D131,1,1
B004,D132,1,1
B004,D133,1,1
B004,D134,0,1
B004,D135,1,1
B004,D136,1,1
B004,D137,1,0
B004,D138,1,1
B004,D139,1,0
B004,D140,1,1
B004,D141,0,1
B004,D142,0,1
B004,D143,1,1
B004,D144,0,1
B004,D145,1,1
B004,D146,1,1
B004,D147,1,1
B004,D148,1,1
B004,D149,1,1
B004,D150,1,1
B004,D151,0,1
B004,D152,1,1
B004,D153,1,1
B004,D154,1,1
B004,D155,0,1
B004,D156,1,1
B004,D157,1,1
B004,D158,1,1
B004,D159,1,1
B004,D160,0,1
B004,D161,1,1
B004,D162,1,1
B004,D163,1,1
B004,D164,1,1
B004,D165,1,1
B004,D166,1,1
B004,D167,1,1
B004,D168,1,1
B004,D169,1,1
B004,D170,1,1
B004,D171,1,1
B004,D172,1,1
B004,D173,1,1
B004,D174,1,1
B004,D175,1,1
B004,D176,1,1
B004,D177,1,1
B004,D178,1,1
B004,D179,1,1
B004,D180,1,1
B004,D181,0,1
B004,D182,1,1
B004,D183,1,1
B004,D184,1,1
B004,D185,1,1
B004,D186,1,1
B004,D187,1,1
B004,D188,1,1
B004,D189,1,1
B004,D190,1,1
B004,D191,1,1
B004,D192,1,1
B004,D193,1,1
B004,D194,1,1
B004,D195,1,1
B004,D196,1,1
B004,D197,1,1
B004,D198,1,1
B004,D199,1,1
B005,D001,0,1
B005,D002,1,1
B005,D003,1,1
B005,D004,0,1
B005,D005,1,1
B005,D006,1,1
B005,D007,1,0
B005,D008,1,1
B005,D009,1,1
B005,D010,1,1
B005,D011,1,1
B005,D012,1,1
B005,D013,1,1
B005,D014,1,1
B005,D015,1,1
B005,D016,1,1
B005,D017,1,0
B005,D018,1,1
B005,D019,1,0
B005,D020,1,1
B005,D021,1,1
B005,D022,1,1
B005,D023,1,1
B005,D024,1,1
B005,D025,1,1
B005,D026,0,1
B005,D027,1,1
B005,D028,1,1
B005,D029,1,1
B005,D030,1,1
B005,D031,1,1
B005,D032,1,0
B005,D033,1,1
B005,D034,1,1
B005,D035,1,1
B005,D036,1,1
B005,D037,1,0
B005,D038,1,1
B005,D039,1,1
B005,D040,0,0
B005,D041,1,1
B005,D042,1,1
B005,D043,1,1
B005,D044,1,1
B005,D045,1,1
B005,D046,1,0
B005,D047,1,1
B005,D048,0,1
B005,D049,1,1
B005,D050,1,1
B005,D051,1,1
B005,D052,1,1
B005,D053,1,1
B005,D054,1,1
B005,D055,1,1
B005,D056,1,1
B005,D057,1,1
B005,D058,1,0
B005,D059,1,1
B005,D060,1,1
B005,D061,1,1
B005,D062,1,1
B005,D063,1,1
B005,D064,1,1
B005,D065,1,1
B005,D066,1,0
B005,D067,1,1
B005,D068,1,1
B005,D069,1,1
B005,D070,1,1
B005,D071,0,1
B005,D072,1,1
B005,D073,1,1
B005,D074,1,1
B005,D075,1,1
B005,D076,1,1
B005,D077,1,1
B005,D078,1,1
B005,D079,1,1
B005,D080,1,1
B005,D081,1,0
B005,D082,1,1
B005,D083,1,1
B005,D084,1,0
B005,D085,1,1
B005,D086,1,1
B005,D087,1,1
B005,D088,1,1
B005,D089,1,1
B005,D090,1,1
B005,D091,0,1
B005,D092,1,1
B005,D093,1,1
B005,D094,1,1
B005,D095,1,1
B005,D096,1,1
B005,D097,1,1
B005,D098,1,1
B005,D099,1,1
B005,D100,1,1
B005,D101,1,1
B005,D102,1,1
B005,D103,1,1
B005,D104,0,1
B005,D105,1,1
B005,D106,1,1
B005,D107,1,1
B005,D108,1,1
B005,D109,1,1
B005,D110,1,1
B005,D111,0,1
B005,D112,1,1
B005,D113,1,1
B005,D114,1,0
B005,D115,1,1
B005,D116,1,1
B005,D117,1,1
B005,D118,1,1
B005,D119,1,1
B005,D120,1,1
B005,D121,1,1
B005,D122,1,1
B005,D123,1,1
B005,D124,1,1
B005,D125,1,1
B005,D126,1,1
B005,D127,1,1
B005,D128,1,1
B005,D129,1,1
B005,D130,1,1
B005,D131,1,1
B005,D132,1,0
B005,D133,1,1
B005,D134,1,0
B005,D135,1,1
B005,D136,0,1
B005,D137,1,1
B005,D138,0,1
B005,D139,0,1
B005,D140,1,1
B005,D141,0,1
B005,D142,1,1
B005,D143,1,1
B005,D144,1,0
B005,D145,1,1
B005,D146,1,1
B005,D147,1,1
B005,D148,1,1
B005,D149,0,1
B005,D150,1,1
B005,D151,1,1
B005,D152,1,1
B005,D153,1,1
B005,D154,1,1
B005,D155,1,1
B005,D156,1,1
B005,D157,1,1
B005,D158,0,1
B005,D159,1,1
B005,D160,1,1
B005,D161,0,0
B005,D162,1,1
B005,D163,1,1
B005,D164,1,1
B005,D165,1,1
B005,D166,1,1
B005,D167,1,1
B005,D168,1,1
B005,D169,0,1
B005,D170,1,1
B005,D171,1,0
B005,D172,1,1
B005,D173,1,1
B005,D174,1,1
B005,D175,0,0
B005,D176,1,1
B005,D177,1,1
B005,D178,1,1
B005,D179,1,1
B005,D180,1,1
B005,D181,1,1
B005,D182,1,1
B005,D183,1,0
B005,D184,1,1
B005,D185,1,1
B005,D186,1,1
B005,D187,1,1
B005,D188,1,1
B005,D189,1,1
B005,D190,1,1
B005,D191,1,0
B005,D192,1,1
B005,D193,0,0
B005,D194,1,1
B005,D195,1,1
B005,D196,1,1
B005,D197,1,0
B005,D198,1,1
B005,D199,0,1
B006,D001,1,1
B006,D002,1,1
B006,D003,0,1
B006,D004,1,0
B006,D005,1,1
B006,D006,1,1
B006,D007,1,1
B006,D008,0,1
B006,D009,0,1
B006,D010,1,1
B006,D011,0,1
B006,D012,1,0
B006,D013,1,1
B006,D014,0,1
B006,D015,1,1
B006,D016,1,1
B006,D017,1,1
B006,D018,0,1
B006,D019,1,1
B006,D020,0,1
B006,D021,1,1
B006,D022,1,1
B006,D023,1,1
B006,D024,1,1
B006,D025,1,1
B006,D026,0,1
B006,D027,1,1
B006,D028,1,1
B006,D029,1,1
B006,D030,1,0
B006,D031,0,1
B006,D032,1,1
B006,D033,0,1
B006,D034,1,1
B006,D035,1,1
B006,D036,1,1
B006,D037,1,1
B006,D038,1,1
B006,D039,1,1
B006,D040,1,1
B006,D041,1,1
B006,D042,0,1
B006,D043,1,1
B006,D044,1,1
B006,D045,1,1
B006,D046,1,1
B006,D047,1,1
B006,D048,1,1
B006,D049,1,1
B006,D050,1,1
B006,D051,1,1
B006,D052,1,1
B006,D053,0,1
B006,D054,1,1
B006,D055,1,1
B006,D056,1,1
B006,D057,0,0
B006,D058,1,1
B006,D059,1,1
B006,D060,0,1
B006,D061,1,1
B006,D062,1,1
B006,D063,1,1
B006,D064,1,1
B006,D065,1,1
B006,D066,1,1
B006,D067,1,1
B006,D068,1,1
B006,D069,1,1
B006,D070,1,1
B006,D071,1,1
B006,D072,1,1
B006,D073,1,1
B006,D074,1,1
B006,D075,1,1
B006,D076,1,1
B006,D077,1,1
B006,D078,1,1
B006,D079,1,0
B006,D080,1,1
B006,D081,1,1
B006,D082,1,1
B006,D083,1,1
B006,D084,1,1
B006,D085,0,1
B006,D086,1,1
B006,D087,1,1
B006,D088,1,1
B006,D089,1,1
B006,D090,1,1
B006,D091,1,1
B006,D092,0,1
B006,D093,1,1
B006,D094,1,1
B006,D095,1,1
B006,D096,1,1
B006,D097,1,1
B006,D098,1,1
B006,D099,1,1
B006,D100,1,1
B006,D101,0,1
B006,D102,1,1
B006,D103,1,1
B006,D104,0,1
B006,D105,1,1
B006,D106,1,1
B006,D107,0,1
B006,D108,0,1
B006,D109,0,1
B006,D110,1,1
B006,D111,1,1
B006,D112,1,1
B006,D113,0,1
B006,D114,1,1
B006,D115,1,1
B006,D116,1,1
B006,D117,1,1
B006,D118,1,1
B006,D119,1,1
B006,D120,1,1
B006,D121,1,1
B006,D122,1,1
B006,D123,0,1
B006,D124,1,1
B006,D125,1,1
B006,D126,1,1
B006,D127,1,1
B006,D128,1,1
B006,D129,1,0
B006,D130,1,1
B006,D131,1,1
B006,D132,1,1
B006,D133,1,1
B006,D134,1,0
B006,D135,1,1
B006,D136,1,1
B006,D137,1,1
B006,D138,1,1
B006,D139,1,1
B006,D140,1,1
B006,D141,1,1
B006,D142,1,1
B006,D143,1,1
B006,D144,1,1
B006,D145,1,1
B006,D146,1,1
B006,D147,1,1
B006,D148,1,1
B006,D149,1,1
B006,D150,1,1
B006,D151,0,1
B006,D152,0,1
B006,D153,1,0
B006,D154,0,1
B006,D155,0,1
B006,D156,0,1
B006,D157,0,0
B006,D158,1,1
B006,D159,1,1
B006,D160,1,1
B006,D161,1,1
B006,D162,1,1
B006,D163,1,1
B006,D164,1,1
B006,D165,0,1
B006,D166,1,1
B006,D167,1,1
B006,D168,1,1
B006,D169,1,1
B006,D170,1,1
B006,D171,1,1
B006,D172,1,1
B006,D173,1,1
B006,D174,1,1
B006,D175,1,0
B006,D176,1,1
B006,D177,1,1
B006,D178,1,1
B006,D179,1,1
B006,D180,1,1
B006,D181,1,1
B006,D182,1,1
B006,D183,1,1
B006,D184,0,1
B006,D185,1,1
B006,D186,1,1
B006,D187,1,1
B006,D188,1,0
B006,D189,1,1
B006,D190,1,1
B006,D191,1,1
B006,D192,1,1
B006,D193,1,1
B006,D194,1,1
B006,D195,1,1
B006,D196,1,1
B006,D197,1,1
B006,D198,1,1
B006,D199,1,1
B007,D001,1,0
B007,D002,1,1
B007,D003,1,0
B007,D004,1,1
B007,D005,1,1
B007,D006,1,1
B007,D007,1,1
B007,D008,1,1
B007,D009,1,1
B007,D010,0,1
B007,D011,1,1
B007,D012,0,1
B007,D013,0,1
B007,D014,1,1
B007,D015,1,1
B007,D016,1,1
B007,D017,1,1
B007,D018,1,1
B007,D019,1,1
B007,D020,1,1
B007,D021,1,1
B007,D022,1,1
B007,D023,1,1
B007,D024,1,1
B007,D025,1,1
B007,D026,1,1
B007,D027,1,1
B007,D028,1,1
B007,D029,1,1
B007,D030,0,1
B007,D031,1,1
B007,D032,1,1
B007,D033,1,0
B007,D034,1,1
B007,D035,1,1
B007,D036,1,1
B007,D037,0,1
B007,D038,1,1
B007,D039,1,1
B007,D040,1,1
B007,D041,1,1
B007,D042,1,1
B007,D043,1,1
B007,D044,1,1
B007,D045,1,1
B007,D046,1,1
B007,D047,1,0
B007,D048,1,1
B007,D049,1,1
B007,D050,1,1
B007,D051,0,1
B007,D052,1,1
B007,D053,1,1
B007,D054,1,1
B007,D055,1,1
B007,D056,1,1
B007,D057,1,1
B007,D058,1,1
B007,D059,1,1
B007,D060,1,1
B007,D061,1,1
B007,D062,1,1
B007,D063,1,1
B007,D064,1,1
B007,D065,0,0
B007,D066,1,1
B007,D067,1,1
B007,D068,1,1
B007,D069,1,1
B007,D070,1,1
B007,D071,1,1
B007,D072,1,1
B007,D073,1,1
B007,D074,1,1
B007,D075,1,1
B007,D076,1,1
B007,D077,0,1
B007,D078,1,0
B007,D079,1,1
B007,D080,0,1
B007,D081,1,1
B007,D082,1,0
B007,D083,1,1
B007,D084,1,1
B007,D085,1,1
B007,D086,1,1
B007,D087,1,1
B007,D088,0,0
B007,D089,1,1
B007,D090,1,1
B007,D091,1,1
B007,D092,1,1
B007,D093,1,1
B007,D094,1,1
B007,D095,1,1
B007,D096,1,1
B007,D097,1,1
B007,D098,1,1
B007,D099,1,1
B007,D100,1,0
B007,D101,1,1
B007,D102,1,1
B007,D103,1,1
B007,D104,1,1
B007,D105,1,1
B007,D106,1,1
B007,D107,1,1
B007,D108,1,1
B007,D109,1,1
B007,D110,1,1
B007,D111,0,1
B007,D112,1,1
B007,D113,1,0
B007,D114,1,1
B007,D115,1,1
B007,D116,1,1
B007,D117,1,1
B007,D118,1,1
B007,D119,1,0
B007,D120,1,1
B007,D121,1,1
B007,D122,0,1
B007,D123,1,1
B007,D124,0,0
B007,D125,1,1
B007,D126,1,1
B007,D127,1,1
B007,D128,0,1
B007,D129,1,1
B007,D130,1,1
B007,D131,1,1
B007,D132,1,1
B007,D133,1,1
B007,D134,1,1
B007,D135,1,1
B007,D136,1,1
B007,D137,1,1
B007,D138,1,1
B007,D139,1,1
B007,D140,1,1
B007,D141,1,1
B007,D142,1,1
B007,D143,1,0
B007,D144,1,1
B007,D145,1,0
B007,D146,1,1
B007,D147,1,1
B007,D148,1,1
B007,D149,1,1
B007,D150,1,1
B007,D151,1,1
B007,D152,1,1
B007,D153,1,1
B007,D154,1,1
B007,D155,1,1
B007,D156,1,1
B007,D157,1,1
B007,D158,1,1
B007,D159,1,1
B007,D160,1,1
B007,D161,1,1
B007,D162,1,0
B007,D163,1,1
B007,D164,1,1
B007,D165,1,0
B007,D166,0,1
B007,D167,1,0
B007,D168,1,0
B007,D169,1,0
B007,D170,1,1
B007,D171,0,1
B007,D172,1,1
B007,D173,1,1
B007,D174,1,0
B007,D175,0,1
B007,D176,1,1
B007,D177,1,1
B007,D178,1,1
B007,D179,1,1
B007,D180,1,1
B007,D181,1,1
B007,D182,1,1
B007,D183,1,1
B007,D184,1,1
B007,D185,1,1
B007,D186,1,1
B007,D187,1,1
B007,D188,1,1
B007,D189,1,1
B007,D190,1,1
B007,D191,1,1
B007,D192,1,1
B007,D193,1,1
B007,D194,1,0
B007,D195,1,1
B007,D196,1,1
B007,D197,1,1
B007,D198,1,1
B007,D199,1,0
B008,D001,1,1
B008,D002,1,1
B008,D003,1,1
B008,D004,1,1
B008,D005,1,1
B008,D006,1,1
B008,D007,1,1
B008,D008,0,1
B008,D009,1,0
B008,D010,1,1
B008,D011,1,0
B008,D012,1,1
B008,D013,1,1
B008,D014,1,1
B008,D015,1,1
B008,D016,1,1
B008,D017,1,1
B008,D018,1,1
B008,D019,1,1
B008,D020,1,1
B008,D021,1,1
B008,D022,1,1
B008,D023,1,1
B008,D024,1,1
B008,D025,1,0
B008,D026,1,1
B008,D027,1,1
B008,D028,1,1
B008,D029,1,1
B008,D030,1,1
B008,D031,1,1
B008,D032,1,1
B008,D033,1,1
B008,D034,1,1
B008,D035,1,1
B008,D036,1,0
B008,D037,1,1
B008,D038,1,1
B008,D039,1,1
B008,D040,1,1
B008,D041,1,0
B008,D042,1,1
B008,D043,1,1
B008,D044,1,1
B008,D045,1,1
B008,D046,1,1
B008,D047,1,1
B008,D048,1,0
B008,D049,1,0
B008,D050,1,1
B008,D051,1,1
B008,D052,1,1
B008,D053,1,1
B008,D054,1,1
B008,D055,1,1
B008,D056,1,1
B008,D057,1,0
B008,D058,1,1
B008,D059,1,1
B008,D060,1,0
B008,D061,1,1
B008,D062,1,1
B008,D063,1,1
B008,D064,1,1
B008,D065,1,0
B008,D066,1,1
B008,D067,1,1
B008,D068,1,1
B008,D069,1,1
B008,D070,1,1
B008,D071,1,1
B008,D072,0,0
B008,D073,1,1
B008,D074,1,1
B008,D075,1,1
B008,D076,1,1
B008,D077,1,1
B008,D078,1,0
B008,D079,1,1
B008,D080,1,1
B008,D081,1,1
B008,D082,0,1
B008,D083,1,1
B008,D084,1,1
B008,D085,1,1
B008,D086,1,1
B008,D087,1,1
B008,D088,1,1
B008,D089,1,1
B008,D090,0,1
B008,D091,1,1
B008,D092,1,1
B008,D093,1,1
B008,D094,1,1
B008,D095,1,1
B008,D096,1,1
B008,D097,1,1
B008,D098,1,1
B008,D099,1,1
B008,D100,1,1
B008,D101,1,1
B008,D102,1,1
B008,D103,1,1
B008,D104,1,1
B008,D105,1,1
B008,D106,1,1
B008,D107,1,1
B008,D108,1,1
B008,D109,1,1
B008,D110,0,1
B008,D111,1,1
B008,D112,1,1
B008,D113,1,1
B008,D114,1,1
B008,D115,1,1
B008,D116,1,1
B008,D117,1,1
B008,D118,1,1
B008,D119,1,1
B008,D120,1,1
B008,D121,1,0
B008,D122,1,0
B008,D123,1,1
B008,D124,1,1
B008,D125,1,0
B008,D126,1,1
B008,D127,1,1
B008,D128,1,1
B008,D129,1,0
B008,D130,0,1
B008,D131,1,1
B008,D132,1,1
B008,D133,1,1
B008,D134,1,1
B008,D135,1,1
B008,D136,1,1
B008,D137,1,1
B008,D138,1,1
B008,D139,1,1
B008,D140,1,1
B008,D141,1,1
B008,D142,1,1
B008,D143,1,1
B008,D144,1,0
B008,D145,1,1
B008,D146,1,0
B008,D147,1,1
B008,D148,1,1
B008,D149,1,1
B008,D150,1,1
B008,D151,1,1
B008,D152,1,1
B008,D153,1,0
B008,D154,1,1
B008,D155,1,1
B008,D156,1,1
B008,D157,0,1
B008,D158,1,1
B008,D159,1,1
B008,D160,1,1
B008,D161,1,1
B008,D162,1,1
B008,D163,1,0
B008,D164,1,1
B008,D165,1,1
B008,D166,1,1
B008,D167,1,1
B008,D168,1,1
B008,D169,1,1
B008,D170,1,1
B008,D171,0,1
B008,D172,1,1
B008,D173,1,1
B008,D174,1,1
B008,D175,1,1
B008,D176,1,1
B008,D177,1,1
B008,D178,1,1
B008,D179,1,1
B008,D180,1,1
B008,D181,1,1
B008,D182,1,1
B008,D183,0,1
B008,D184,1,1
B008,D185,1,1
B008,D186,1,1
B008,D187,1,1
B008,D188,1,1
B008,D189,1,1
B008,D190,1,1
B008,D191,1,0
B008,D192,1,1
B008,D193,0,1
B008,D194,0,1
B008,D195,1,1
B008,D196,1,1
B008,D197,1,1
B008,D198,0,1
B008,D199,1,1
B009,D001,0,1
B009,D002,1,1
B009,D003,1,1
B009,D004,0,1
B009,D005,0,1
B009,D006,0,1
B009,D007,1,1
B009,D008,0,1
B009,D009,1,1
B009,D010,0,1
B009,D011,1,0
B009,D012,1,1
B009,D013,1,0
B009,D014,1,1
B009,D015,1,1
B009,D016,1,1
B009,D017,1,1
B009,D018,1,1
B009,D019,1,1
B009,D020,1,1
B009,D021,1,1
B009,D022,1,1
B009,D023,1,1
B009,D024,1,1
B009,D025,1,1
B009,D026,1,1
B009,D027,1,1
B009,D028,1,1
B009,D029,1,1
B009,D030,1,0
B009,D031,1,1
B009,D032,1,1
B009,D033,0,0
B009,D034,1,0
B009,D035,1,0
B009,D036,1,1
B009,D037,0,1
B009,D038,1,1
B009,D039,1,1
B009,D040,1,1
B009,D041,1,1
B009,D042,1,1
B009,D043,1,1
B009,D044,1,1
B009,D045,1,1
B009,D046,1,1
B009,D047,1,1
B009,D048,1,1
B009,D049,1,1
B009,D050,1,1
B009,D051,1,1
B009,D052,1,1
B009,D053,1,1
B009,D054,1,1
B009,D055,1,1
B009,D056,0,1
B009,D057,1,1
B009,D058,1,1
B009,D059,1,1
B009,D060,1,1
B009,D061,1,1
B009,D062,0,1
B009,D063,1,1
B009,D064,1,1
B009,D065,1,1
B009,D066,1,1
B009,D067,0,1
B009,D068,1,1
B009,D069,1,1
B009,D070,1,0
B009,D071,1,1
B009,D072,0,1
B009,D073,1,0
B009,D074,1,1
B009,D075,1,1
B009,D076,1,1
B009,D077,1,1
B009,D078,1,1
B009,D079,1,1
B009,D080,0,1
B009,D081,1,1
B009,D082,1,1
B009,D083,1,1
B009,D084,1,1
B009,D085,1,1
B009,D086,1,1
B009,D087,1,1
B009,D088,1,1
B009,D089,1,1
B009,D090,1,1
B009,D091,1,0
B009,D092,1,1
B009,D093,1,1
B009,D094,1,1
B009,D095,1,1
B009,D096,1,1
B009,D097,1,1
B009,D098,1,1
B009,D099,0,1
B009,D100,1,1
B009,D101,0,1
B009,D102,1,1
B009,D103,1,1
B009,D104,1,1
B009,D105,1,1
B009,D106,1,1
B009,D107,1,1
B009,D108,1,1
B009,D109,1,0
B009,D110,1,1
B009,D111,1,1
B009,D112,1,1
B009,D113,1,1
B009,D114,1,1
B009,D115,1,1
B009,D116,1,1
B009,D117,1,1
B009,D118,1,1
B009,D119,1,1
B009,D120,1,1
B009,D121,1,1
B009,D122,1,1
B009,D123,1,1
B009,D124,1,0
B009,D125,1,1
B009,D126,1,1
B009,D127,1,0
B009,D128,1,1
B009,D129,1,1
B009,D130,1,1
B009,D131,1,1
B009,D132,1,1
B009,D133,1,1
B009,D134,1,1
B009,D135,1,1
B009,D136,1,1
B009,D137,1,1
B009,D138,1,1
B009,D139,1,1
B009,D140,1,1
B009,D141,1,1
B009,D142,1,1
B009,D143,1,1
B009,D144,1,1
B009,D145,1,1
B009,D146,1,1
B009,D147,0,1
B009,D148,1,1
B009,D149,1,0
B009,D150,1,0
B009,D151,1,1
B009,D152,1,1
B009,D153,0,1
B009,D154,1,1
B009,D155,1,1
B009,D156,0,1
B009,D157,1,1
B009,D158,0,1
B009,D159,1,1
B009,D160,1,1
B009,D161,1,1
B009,D162,1,1
B009,D163,1,1
B009,D164,1,1
B009,D165,1,1
B009,D166,1,1
B009,D167,1,1
B009,D168,1,1
B009,D169,1,1
B009,D170,1,1
B009,D171,1,1
B009,D172,0,1
B009,D173,1,1
B009,D174,1,1
B009,D175,1,1
B009,D176,1,1
B009,D177,0,1
B009,D178,0,1
B009,D179,1,1
B009,D180,1,1
B009,D181,1,1
B009,D182,1,1
B009,D183,0,1
B009,D184,1,0
B009,D185,1,1
B009,D186,1,1
B009,D187,1,1
B009,D188,1,1
B009,D189,1,1
B009,D190,0,1
B009,D191,0,1
B009,D192,1,1
B009,D193,1,1
B009,D194,1,1
B009,D195,1,1
B009,D196,1,1
B009,D197,1,1
B009,D198,1,1
B009,D199,1,1
B010,D001,0,1
B010,D002,1,1
B010,D003,1,1
B010,D004,0,1
B010,D005,1,1
B010,D006,1,1
B010,D007,1,1
B010,D008,1,1
B010,D009,1,1
B010,D010,1,0
B010,D011,1,1
B010,D012,1,1
B010,D013,1,1
B010,D014,1,1
B010,D015,1,1
B010,D016,1,1
B010,D017,1,1
B010,D018,1,1
B010,D019,1,1
B010,D020,1,1
B010,D021,1,1
B010,D022,0,1
B010,D023,1,1
B010,D024,1,1
B010,D025,1,1
B010,D026,1,1
B010,D027,1,1
B010,D028,1,1
B010,D029,1,1
B010,D030,1,1
B010,D031,1,1
B010,D032,1,1
B010,D033,1,1
B010,D034,0,1
B010,D035,1,1
B010,D036,0,1
B010,D037,1,1
B010,D038,1,0
B010,D039,1,0
B010,D040,0,1
B010,D041,1,1
B010,D042,1,1
B010,D043,1,1
B010,D044,1,1
B010,D045,1,1
B010,D046,1,1
B010,D047,1,1
B010,D048,1,1
B010,D049,1,1
B010,D050,1,1
B010,D051,1,1
B010,D052,1,1
B010,D053,1,0
B010,D054,1,0
B010,D055,1,1
B010,D056,1,1
B010,D057,1,1
B010,D058,1,1
B010,D059,1,0
B010,D060,1,1
B010,D061,1,1
B010,D062,1,1
B010,D063,1,1
B010,D064,1,1
B010,D065,1,1
B010,D066,1,0
B010,D067,1,1
B010,D068,1,1
B010,D069,1,1
B010,D070,1,1
B010,D071,1,1
B010,D072,1,1
B010,D073,1,1
B010,D074,0,1
B010,D075,1,1
B010,D076,1,1
B010,D077,1,0
B010,D078,1,1
B010,D079,1,1
B010,D080,1,1
B010,D081,1,1
B010,D082,1,1
B010,D083,1,1
B010,D084,1,1
B010,D085,1,1
B010,D086,1,1
B010,D087,1,1
B010,D088,0,1
B010,D089,1,1
B010,D090,1,0
B010,D091,1,1
B010,D092,1,1
B010,D093,1,1
B010,D094,1,1
B010,D095,1,0
B010,D096,1,1
B010,D097,1,1
B010,D098,1,1
B010,D099,1,1
B010,D100,0,1
B010,D101,1,1
B010,D102,1,1
B010,D103,1,1
B010,D104,1,1
B010,D105,1,1
B010,D106,1,1
B010,D107,1,1
B010,D108,1,1
B010,D109,1,1
B010,D110,1,1
B010,D111,1,1
B010,D112,1,0
B010,D113,1,1
B010,D114,1,1
B010,D115,1,1
B010,D116,1,0
B010,D117,1,0
B010,D118,1,1
B010,D119,1,1
B010,D120,1,1
B010,D121,0,0
B010,D122,1,1
B010,D123,1,1
B010,D124,1,0
B010,D125,1,1
B010,D126,1,1
B010,D127,1,1
B010,D128,1,1
B010,D129,1,1
B010,D130,1,1
B010,D131,1,1
B010,D132,1,1
B010,D133,0,1
B010,D134,1,1
B010,D135,1,1
B010,D136,1,0
B010,D137,1,1
B010,D138,1,1
B010,D139,1,1
B010,D140,1,1
B010,D141,1,1
B010,D142,1,1
B010,D143,0,0
B010,D144,1,1
B010,D145,1,1
B010,D146,1,1
B010,D147,1,0
B010,D148,1,1
B010,D149,1,0
B010,D150,1,1
B010,D151,1,1
B010,D152,1,0
B010,D153,1,1
B010,D154,1,1
B010,D155,1,1
B010,D156,1,1
B010,D157,1,1
B010,D158,0,1
B010,D159,1,0
B010,D160,1,1
B010,D161,1,0
B010,D162,0,1
B010,D163,1,1
B010,D164,1,0
B010,D165,1,1
B010,D166,1,1
B010,D167,1,1
B010,D168,1,0
B010,D169,1,1
B010,D170,1,0
B010,D171,1,1
B010,D172,1,1
B010,D173,1,1
B010,D174,1,1
B010,D175,1,1
B010,D176,1,1
B010,D177,1,1
B010,D178,1,1
B010,D179,1,1
B010,D180,1,1
B010,D181,1,1
B010,D182,1,0
B010,D183,1,1
B010,D184,1,1
B010,D185,1,1
B010,D186,1,1
B010,D187,1,1
B010,D188,1,1
B010,D189,1,1
B010,D190,1,1
B010,D191,1,1
B010,D192,1,1
B010,D193,1,1
B010,D194,1,1
B010,D195,1,1
B010,D196,0,1
B010,D197,1,1
B010,D198,1,1
B010,D199,1,1
B011,D001,0,1
B011,D002,1,1
B011,D003,1,1
B011,D004,0,1
B011,D005,1,1
B011,D006,1,1
B011,D007,1,1
B011,D008,1,1
B011,D009,1,1
B011,D010,1,1
B011,D011,0,0
B011,D012,1,1
B011,D013,1,1
B011,D014,1,1
B011,D015,1,0
B011,D016,1,1
B011,D017,1,1
B011,D018,1,1
B011,D019,1,1
B011,D020,1,1
B011,D021,1,1
B011,D022,1,1
B011,D023,1,1
B011,D024,1,0
B011,D025,0,1
B011,D026,0,1
B011,D027,1,1
B011,D028,0,1
B011,D029,0,1
B011,D030,1,1
B011,D031,1,1
B011,D032,0,1
B011,D033,1,1
B011,D034,1,0
B011,D035,1,1
B011,D036,1,1
B011,D037,1,1
B011,D038,1,0
B011,D039,1,1
B011,D040,1,1
B011,D041,1,0
B011,D042,1,1
B011,D043,1,1
B011,D044,1,1
B011,D045,0,1
B011,D046,1,1
B011,D047,1,1
B011,D048,1,1
B011,D049,1,1
B011,D050,1,0
B011,D051,1,1
B011,D052,1,1
B011,D053,1,1
B011,D054,1,1
B011,D055,1,1
B011,D056,1,1
B011,D057,1,1
B011,D058,1,1
B011,D059,1,1
B011,D060,1,1
B011,D061,1,1
B011,D062,1,1
B011,D063,1,1
B011,D064,1,1
B011,D065,1,1
B011,D066,1,1
B011,D067,1,1
B011,D068,1,1
B011,D069,1,1
B011,D070,1,1
B011,D071,1,1
B011,D072,1,1
B011,D073,0,1
B011,D074,1,1
B011,D075,1,1
B011,D076,1,1
B011,D077,1,1
B011,D078,1,1
B011,D079,1,1
B011,D080,1,1
B011,D081,1,1
B011,D082,1,0
B011,D083,1,1
B011,D084,1,0
B011,D085,1,1
B011,D086,1,1
B011,D087,1,1
B011,D088,1,1
B011,D089,1,1
B011,D090,1,1
B011,D091,1,1
B011,D092,1,1
B011,D093,1,1
B011,D094,1,1
B011,D095,1,1
B011,D096,1,1
B011,D097,1,1
B011,D098,1,1
B011,D099,1,1
B011,D100,1,1
B011,D101,1,0
B011,D102,1,1
B011,D103,0,1
B011,D104,1,1
B011,D105,1,1
B011,D106,1,0
B011,D107,1,1
B011,D108,1,1
B011,D109,1,1
B011,D110,1,1
B011,D111,1,1
B011,D112,1,1
B011,D113,0,1
B011,D114,1,1
B011,D115,1,1
B011,D116,1,1
B011,D117,1,1
B011,D118,1,0
B011,D119,0,1
B011,D120,1,1
B011,D121,1,1
B011,D122,1,1
B011,D123,0,1
B011,D124,1,1
B011,D125,1,1
B011,D126,1,0
B011,D127,1,1
B011,D128,1,1
B011,D129,1,0
B011,D130,1,1
B011,D131,1,1
B011,D132,1,1
B011,D133,1,1
B011,D134,1,1
B011,D135,1,1
B011,D136,1,1
B011,D137,1,1
B011,D138,0,1
B011,D139,1,1
B011,D140,1,1
B011,D141,1,1
B011,D142,1,1
B011,D143,1,1
B011,D144,1,1
B011,D145,1,1
B011,D146,1,1
B011,D147,1,1
B011,D148,1,1
B011,D149,1,1
B011,D150,1,1
B011,D151,1,1
B011,D152,1,1
B011,D153,1,1
B011,D154,1,1
B011,D155,1,1
B011,D156,1,1
B011,D157,1,1
B011,D158,1,1
B011,D159,0,1
B011,D160,0,1
B011,D161,1,1
B011,D162,1,1
B011,D163,0,1
B011,D164,1,0
B011,D165,1,0
B011,D166,1,1
B011,D167,0,1
B011,D168,1,0
B011,D169,1,1
B011,D170,1,1
B011,D171,1,1
B011,D172,1,1
B011,D173,1,1
B011,D174,1,1
B011,D175,1,1
B011,D176,1,1
B011,D177,1,1
B011,D178,1,1
B011,D179,0,1
B011,D180,1,1
B011,D181,1,1
B011,D182,1,0
B011,D183,1,1
B011,D184,1,1
B011,D185,1,1
B011,D186,1,0
B011,D187,1,1
B011,D188,1,1
B011,D189,1,1
B011,D190,1,1
B011,D191,1,1
B011,D192,1,1
B011,D193,1,1
B011,D194,1,1
B011,D195,1,1
B011,D196,1,1
B011,D197,1,1
B011,D198,1,1
B011,D199,1,1
B012,D001,1,1
B012,D002,1,0
B012,D003,1,1
B012,D004,1,1
B012,D005,1,1
B012,D006,1,1
B012,D007,1,1
B012,D008,0,1
B012,D009,0,1
B012,D010,1,1
B012,D011,1,1
B012,D012,1,1
B012,D013,1,1
B012,D014,1,0
B012,D015,1,1
B012,D016,1,1
B012,D017,1,1
B012,D018,1,1
B012,D019,1,1
B012,D020,1,1
B012,D021,1,1
B012,D022,1,1
B012,D023,1,1
B012,D024,1,1
B012,D025,1,1
B012,D026,1,1
B012,D027,1,1
B012,D028,1,1
B012,D029,1,1
B012,D030,1,1
B012,D031,1,1
B012,D032,1,1
B012,D033,1,1
B012,D034,1,1
B012,D035,1,1
B012,D036,1,1
B012,D037,1,1
B012,D038,1,1
B012,D039,1,1
B012,D040,1,1
B012,D041,1,1
B012,D042,1,1
B012,D043,1,1
B012,D044,1,1
B012,D045,1,1
B012,D046,1,1
B012,D047,1,1
B012,D048,1,0
B012,D049,1,1
B012,D050,1,1
B012,D051,1,1
B012,D052,1,1
B012,D053,1,1
B012,D054,1,1
B012,D055,1,1
B012,D056,1,1
B012,D057,1,1
B012,D058,1,1
B012,D059,1,1
B012,D060,1,1
B012,D061,1,1
B012,D062,1,1
B012,D063,0,1
B012,D064,1,1
B012,D065,1,1
B012,D066,1,1
B012,D067,1,1
B012,D068,1,1
B012,D069,1,0
B012,D070,1,1
B012,D071,1,1
B012,D072,1,1
B012,D073,0,1
B012,D074,1,1
B012,D075,1,1
B012,D076,1,1
B012,D077,1,0
B012,D078,1,1
B012,D079,1,1
B012,D080,1,1
B012,D081,1,0
B012,D082,1,0
B012,D083,1,1
B012,D084,1,1
B012,D085,1,1
B012,D086,1,1
B012,D087,1,0
B012,D088,0,1
B012,D089,0,1
B012,D090,1,1
B012,D091,1,1
B012,D092,1,1
B012,D093,1,1
B012,D094,0,1
B012,D095,1,1
B012,D096,1,1
B012,D097,1,1
B012,D098,1,1
B012,D099,1,0
B012,D100,1,1
B012,D101,1,0
B012,D102,1,1
B012,D103,0,0
B012,D104,1,1
B012,D105,1,1
B012,D106,0,1
B012,D107,0,1
B012,D108,1,1
B012,D109,1,1
B012,D110,1,1
B012,D111,1,1
B012,D112,1,1
B012,D113,1,1
B012,D114,1,1
B012,D115,1,0
B012,D116,1,1
B012,D117,1,1
B012,D118,1,1
B012,D119,1,1
B012,D120,1,1
B012,D121,1,1
B012,D122,1,1
B012,D123,0,0
B012,D124,1,1
B012,D125,1,1
B012,D126,1,1
B012,D127,1,1
B012,D128,1,1
B012,D129,1,1
B012,D130,1,1
B012,D131,1,1
B012,D132,1,1
B012,D133,1,1
B012,D134,1,1
B012,D135,1,1
B012,D136,1,1
B012,D137,1,1
B012,D138,1,1
B012,D139,1,1
B012,D140,1,1
B012,D141,1,0
B012,D142,1,1
B012,D143,1,1
B012,D144,1,0
B012,D145,1,1
B012,D146,1,1
B012,D147,1,1
B012,D148,1,1
B012,D149,1,1
B012,D150,1,1
B012,D151,1,1
B012,D152,1,1
B012,D153,1,1
B012,D154,1,1
B012,D155,1,1
B012,D156,1,1
B012,D157,1,0
B012,D158,1,0
B012,D159,1,1
B012,D160,1,1
B012,D161,0,1
B012,D162,1,1
B012,D163,1,1
B012,D164,1,1
B012,D165,0,1
B012,D166,1,0
B012,D167,1,1
B012,D168,1,1
B012,D169,1,1
B012,D170,1,1
B012,D171,1,1
B012,D172,0,1
B012,D173,1,1
B012,D174,1,1
B012,D175,1,1
B012,D176,0,1
B012,D177,1,1
B012,D178,1,0
B012,D179,1,1
B012,D180,1,1
B012,D181,1,1
B012,D182,1,1
B012,D183,1,1
B012,D184,1,1
B012,D185,1,1
B012,D186,1,1
B012,D187,1,1
B012,D188,1,1
B012,D189,1,1
B012,D190,1,1
B012,D191,1,1
B012,D192,1,1
B012,D193,1,1
B012,D194,0,1
B012,D195,1,1
B012,D196,1,1
B012,D197,1,1
B012,D198,1,1
B012,D199,1,1
B013,D001,1,1
B013,D002,1,0
B013,D003,1,0
B013,D004,1,1
B013,D005,1,1
B013,D006,1,1
B013,D007,1,1
B013,D008,1,1
B013,D009,1,1
B013,D010,1,1
B013,D011,1,1
B013,D012,1,0
B013,D013,1,1
B013,D014,1,0
B013,D015,1,1
B013,D016,1,1
B013,D017,1,1
B013,D018,1,1
B013,D019,1,1
B013,D020,1,1
B013,D021,1,1
B013,D022,1,1
B013,D023,1,1
B013,D024,0,1
B013,D025,1,1
B013,D026,1,1
B013,D027,1,1
B013,D028,1,1
B013,D029,1,1
B013,D030,0,1
B013,D031,1,1
B013,D032,1,1
B013,D033,1,1
B013,D034,0,1
B013,D035,0,0
B013,D036,1,0
B013,D037,1,0
B013,D038,0,1
B013,D039,1,0
B013,D040,1,1
B013,D041,1,1
B013,D042,1,1
B013,D043,1,0
B013,D044,1,1
B013,D045,1,0
B013,D046,1,1
B013,D047,1,1
B013,D048,1,1
B013,D049,0,1
B013,D050,1,1
B013,D051,1,1
B013,D052,0,1
B013,D053,1,1
B013,D054,1,0
B013,D055,1,1
B013,D056,1,1
B013,D057,1,1
B013,D058,1,1
B013,D059,1,0
B013,D060,1,1
B013,D061,1,1
B013,D062,1,1
B013,D063,1,1
B013,D064,1,1
B013,D065,0,1
B013,D066,1,1
B013,D067,1,1
B013,D068,1,1
B013,D069,1,1
B013,D070,1,1
B013,D071,1,1
B013,D072,1,1
B013,D073,0,1
B013,D074,1,1
B013,D075,1,1
B013,D076,1,0
B013,D077,1,1
B013,D078,1,1
B013,D079,1,1
B013,D080,0,1
B013,D081,1,1
B013,D082,0,1
B013,D083,1,1
B013,D084,1,1
B013,D085,1,1
B013,D086,1,1
B013,D087,1,1
B013,D088,1,1
B013,D089,1,1
B013,D090,1,1
B013,D091,0,1
B013,D092,1,1
B013,D093,1,1
B013,D094,1,1
B013,D095,1,1
B013,D096,1,1
B013,D097,1,1
B013,D098,1,1
B013,D099,1,1
B013,D100,1,1
B013,D101,1,1
B013,D102,1,1
B013,D103,1,1
B013,D104,0,0
B013,D105,1,1
B013,D106,0,1
B013,D107,1,1
B013,D108,1,1
B013,D109,0,1
B013,D110,1,0
B013,D111,1,1
B013,D112,1,1
B013,D113,1,0
B013,D114,1,1
B013,D115,1,1
B013,D116,1,1
B013,D117,1,1
B013,D118,0,1
B013,D119,1,1
B013,D120,1,1
B013,D121,1,1
B013,D122,1,1
B013,D123,1,1
B013,D124,1,0
B013,D125,0,1
B013,D126,1,1
B013,D127,1,1
B013,D128,1,1
B013,D129,1,1
B013,D130,1,1
B013,D131,1,1
B013,D132,1,1
B013,D133,1,1
B013,D134,1,1
B013,D135,1,1
B013,D136,1,1
B013,D137,1,1
B013,D138,1,1
B013,D139,1,1
B013,D140,1,1
B013,D141,1,1
B013,D142,1,0
B013,D143,1,1
B013,D144,1,1
B013,D145,1,1
B013,D146,0,1
B013,D147,1,1
B013,D148,1,1
B013,D149,1,1
B013,D150,1,1
B013,D151,1,0
B013,D152,1,1
B013,D153,1,1
B013,D154,1,1
B013,D155,0,1
B013,D156,1,1
B013,D157,0,1
B013,D158,1,1
B013,D159,1,0
B013,D160,1,0
B013,D161,1,1
B013,D162,0,1
B013,D163,0,0
B013,D164,1,1
B013,D165,1,1
B013,D166,1,1
B013,D167,1,0
B013,D168,1,1
B013,D169,1,1
B013,D170,1,1
B013,D171,1,1
B013,D172,1,1
B013,D173,1,1
B013,D174,1,1
B013,D175,0,0
B013,D176,1,1
B013,D177,1,1
B013,D178,1,1
B013,D179,1,1
B013,D180,1,1
B013,D181,1,1
B013,D182,1,1
B013,D183,1,0
B013,D184,1,1
B013,D185,1,1
B013,D186,1,1
B013,D187,1,1
B013,D188,1,1
B013,D189,1,1
B013,D190,1,1
B013,D191,1,1
B013,D192,0,1
B013,D193,1,1
B013,D194,1,1
B013,D195,1,1
B013,D196,1,1
B013,D197,1,1
B013,D198,1,1
B013,D199,1,1
B014,D001,1,1
B014,D002,1,1
B014,D003,1,1
B014,D004,1,0
B014,D005,1,1
B014,D006,1,1
B014,D007,1,0
B014,D008,1,0
B014,D009,1,1
B014,D010,1,1
B014,D011,1,1
B014,D012,1,0
B014,D013,1,1
B014,D014,1,1
B014,D015,1,1
B014,D016,0,1
B014,D017,1,1
B014,D018,1,1
B014,D019,1,1
B014,D020,1,0
B014,D021,1,0
B014,D022,0,1
B014,D023,1,1
B014,D024,1,0
B014,D025,1,1
B014,D026,1,1
B014,D027,1,1
B014,D028,1,1
B014,D029,1,1
B014,D030,1,1
B014,D031,1,1
B014,D032,1,1
B014,D033,1,1
B014,D034,1,1
B014,D035,1,0
B014,D036,1,1
B014,D037,1,1
B014,D038,1,1
B014,D039,1,1
B014,D040,1,1
B014,D041,1,1
B014,D042,1,1
B014,D043,1,1
B014,D044,1,1
B014,D045,1,1
B014,D046,1,1
B014,D047,1,1
B014,D048,1,1
B014,D049,1,1
B014,D050,1,1
B014,D051,1,1
B014,D052,1,1
B014,D053,1,1
B014,D054,1,1
B014,D055,1,1
B014,D056,1,1
B014,D057,1,1
B014,D058,1,1
B014,D059,1,1
B014,D060,1,1
B014,D061,1,1
B014,D062,1,1
B014,D063,1,0
B014,D064,0,1
B014,D065,0,1
B014,D066,1,1
B014,D067,1,1
B014,D068,1,1
B014,D069,0,1
B014,D070,1,1
B014,D071,1,1
B014,D072,1,1
B014,D073,1,1
B014,D074,0,1
B014,D075,1,1
B014,D076,1,1
B014,D077,1,1
B014,D078,1,1
B014,D079,0,1
B014,D080,1,1
B014,D081,1,1
B014,D082,1,1
B014,D083,1,1
B014,D084,1,1
B014,D085,1,1
B014,D086,1,1
B014,D087,1,1
B014,D088,1,1
B014,D089,1,1
B014,D090,1,1
B014,D091,0,0
B014,D092,0,1
B014,D093,1,1
B014,D094,1,1
B014,D095,1,1
B014,D096,1,0
B014,D097,1,0
B014,D098,1,1
B014,D099,1,0
B014,D100,1,1
B014,D101,1,1
B014,D102,0,0
B014,D103,1,1
B014,D104,1,1
B014,D105,1,1
B014,D106,1,1
B014,D107,0,1
B014,D108,1,1
B014,D109,1,1
B014,D110,1,1
B014,D111,1,1
B014,D112,1,1
B014,D113,1,1
B014,D114,1,1
B014,D115,1,1
B014,D116,1,1
B014,D117,1,1
B014,D118,1,1
B014,D119,0,1
B014,D120,1,1
B014,D121,0,1
B014,D122,1,0
B014,D123,1,1
B014,D124,1,1
B014,D125,1,0
B014,D126,0,1
B014,D127,1,1
B014,D128,1,1
B014,D129,1,1
B014,D130,1,1
B014,D131,1,1
B014,D132,1,1
B014,D133,1,1
B014,D134,1,1
B014,D135,1,1
B014,D136,1,1
B014,D137,1,1
B014,D138,0,1
B014,D139,0,1
B014,D140,1,1
B014,D141,1,1
B014,D142,1,1
B014,D143,1,1
B014,D144,1,1
B014,D145,1,1
B014,D146,1,1
B014,D147,1,1
B014,D148,1,1
B014,D149,1,1
B014,D150,1,0
B014,D151,1,1
B014,D152,1,1
B014,D153,1,1
B014,D154,1,1
B014,D155,0,1
B014,D156,1,1
B014,D157,1,1
B014,D158,0,1
B014,D159,1,1
B014,D160,1,0
B014,D161,1,1
B014,D162,1,1
B014,D163,1,1
B014,D164,1,1
B014,D165,1,1
B014,D166,1,1
B014,D167,1,1
B014,D168,1,1
B014,D169,1,1
B014,D170,1,1
B014,D171,1,1
B014,D172,1,1
B014,D173,1,1
B014,D174,1,1
B014,D175,1,1
B014,D176,1,1
B014,D177,0,1
B014,D178,0,1
B014,D179,1,0
B014,D180,1,1
B014,D181,1,1
B014,D182,1,1
B014,D183,1,1
B014,D184,1,1
B014,D185,1,1
B014,D186,1,1
B014,D187,1,1
B014,D188,0,1
B014,D189,1,0
B014,D190,1,1
B014,D191,1,1
B014,D192,1,1
B014,D193,1,1
B014,D194,1,1
B014,D195,0,1
B014,D196,1,1
B014,D197,0,1
B014,D198,1,1
B014,D199,0,1
B015,D001,1,1
B015,D002,0,1
B015,D003,1,1
B015,D004,1,1
B015,D005,1,1
B015,D006,1,1
B015,D007,1,1
B015,D008,1,1
B015,D009,1,1
B015,D010,0,1
B015,D011,1,0
B015,D012,1,1
B015,D013,0,1
B015,D014,0,1
B015,D015,1,1
B015,D016,1,1
B015,D017,1,1
B015,D018,1,1
B015,D019,1,1
B015,D020,1,1
B015,D021,1,1
B015,D022,1,1
B015,D023,1,1
B015,D024,1,1
B015,D025,1,0
B015,D026,1,1
B015,D027,1,1
B015,D028,1,0
B015,D029,1,1
B015,D030,1,1
B015,D031,1,1
B015,D032,1,1
B015,D033,0,1
B015,D034,1,1
B015,D035,1,1
B015,D036,1,1
B015,D037,0,1
B015,D038,1,1
B015,D039,0,1
B015,D040,1,1
B015,D041,1,1
B015,D042,1,1
B015,D043,1,1
B015,D044,1,1
B015,D045,1,1
B015,D046,1,1
B015,D047,1,1
B015,D048,1,1
B015,D049,0,1
B015,D050,1,1
B015,D051,0,1
B015,D052,1,1
B015,D053,1,1
B015,D054,1,1
B015,D055,1,1
B015,D056,1,1
B015,D057,1,0
B015,D058,1,1
B015,D059,0,1
B015,D060,1,1
B015,D061,0,1
B015,D062,1,1
B015,D063,1,1
B015,D064,1,0
B015,D065,1,1
B015,D066,1,1
B015,D067,0,1
B015,D068,1,1
B015,D069,1,1
B015,D070,1,1
B015,D071,1,1
B015,D072,1,1
B015,D073,0,1
B015,D074,1,1
B015,D075,1,1
B015,D076,1,1
B015,D077,1,1
B015,D078,1,1
B015,D079,1,1
B015,D080,0,1
B015,D081,1,1
B015,D082,0,1
B015,D083,1,1
B015,D084,1,1
B015,D085,1,1
B015,D086,0,1
B015,D087,1,1
B015,D088,1,1
B015,D089,0,1
B015,D090,1,1
B015,D091,1,1
B015,D092,1,0
B015,D093,1,1
B015,D094,1,1
B015,D095,1,0
B015,D096,1,1
B015,D097,1,1
B015,D098,1,1
B015,D099,1,1
B015,D100,1,1
B015,D101,1,1
B015,D102,1,1
B015,D103,0,0
B015,D104,1,1
B015,D105,1,1
B015,D106,1,1
B015,D107,0,1
B015,D108,1,1
B015,D109,1,1
B015,D110,1,1
B015,D111,1,1
B015,D112,1,1
B015,D113,1,0
B015,D114,1,1
B015,D115,1,1
B015,D116,0,1
B015,D117,1,1
B015,D118,0,1
B015,D119,1,1
B015,D120,1,1
B015,D121,1,1
B015,D122,1,1
B015,D123,1,0
B015,D124,1,0
B015,D125,1,0
B015,D126,1,1
B015,D127,1,1
B015,D128,1,1
B015,D129,0,1
B015,D130,1,1
B015,D131,1,1
B015,D132,1,1
B015,D133,1,1
B015,D134,1,1
B015,D135,1,0
B015,D136,1,1
B015,D137,1,1
B015,D138,1,1
B015,D139,1,1
B015,D140,1,1
B015,D141,1,1
B015,D142,1,1
B015,D143,1,1
B015,D144,1,1
B015,D145,1,1
B015,D146,1,1
B015,D147,1,1
B015,D148,1,0
B015,D149,1,1
B015,D150,1,0
B015,D151,1,1
B015,D152,1,0
B015,D153,1,1
B015,D154,1,1
B015,D155,1,1
B015,D156,1,0
B015,D157,1,0
B015,D158,1,1
B015,D159,1,1
B015,D160,1,1
B015,D161,1,1
B015,D162,1,1
B015,D163,1,1
B015,D164,1,1
B015,D165,1,1
B015,D166,1,1
B015,D167,1,1
B015,D168,1,1
B015,D169,0,1
B015,D170,1,1
B015,D171,1,1
B015,D172,1,1
B015,D173,1,1
B015,D174,1,1
B015,D175,1,1
B015,D176,1,1
B015,D177,1,1
B015,D178,1,0
B015,D179,1,1
B015,D180,1,1
B015,D181,1,1
B015,D182,1,1
B015,D183,0,1
B015,D184,1,1
B015,D185,1,1
B015,D186,1,1
B015,D187,1,1
B015,D188,1,1
B015,D189,1,1
B015,D190,1,0
B015,D191,1,1
B015,D192,1,1
B015,D193,1,1
B015,D194,1,1
B015,D195,1,1
B015,D196,0,1
B015,D197,1,0
B015,D198,1,1
B015,D199,1,1
